avtor,naslov
Bob Dylan,Like A Rolling Stone
The Rolling Stones,(I Can't Get No) Satisfaction
John Lennon,Imagine
Marvin Gaye,What's Going On
Aretha Franklin,Respect
The Beach Boys,Good Vibrations
Chuck Berry,Johnny B. Goode
The Beatles,Hey Jude
Nirvana,Smells Like Teen Spirit
Ray Charles,What'd I Say
The Who,My Generation
Sam Cooke,A Change Is Gonna Come
The Beatles,Yesterday
Bob Dylan,Blowin' In The Wind
The Clash,London Calling
The Beatles,I Want To Hold Your Hand
The Jimi Hendrix Experience,Purple Haze
Chuck Berry,Maybellene
Elvis Presley,Hound Dog
The Beatles,Let It Be
Bruce Springsteen,Born To Run
The Ronettes,Be My Baby
The Beatles,In My Life
The Impressions,People Get Ready
The Beach Boys,God Only Knows
The Beatles,A Day In The Life
Derek And The Dominos,Layla
Otis Redding,(Sittin' On) The Dock Of The Bay
The Beatles,Help!
Johnny Cash,I Walk The Line
Led Zeppelin,Stairway To Heaven
The Rolling Stones,Sympathy For The Devil
Ike and Tina Turner,River Deep - Mountain High
The Righteous Brothers,You've Lost That Lovin' Feelin'
The Doors,Light My Fire
U2,One
Bob Marley and The Wailers,"No Woman, No Cry"
The Rolling Stones,Gimme Shelter
Buddy Holly,That'll Be The Day
Martha And The Vandellas,Dancing In The Street
The Band,The Weight
The Kinks,Waterloo Sunset
Little Richard,Tutti Frutti
Ray Charles,Georgia On My Mind
Elvis Presley,Heartbreak Hotel
David Bowie,Heroes
Simon And Garfunkel,Bridge Over Troubled Water
Jimi Hendrix,All Along The Watchtower
Eagles,Hotel California
Smokey Robinson and The Miracles,The Tracks Of My Tears
Prince,When Doves Cry
Sex Pistols,Anarchy In The U.K.
Percy Sledge,When A Man Loves A Woman
The Kingsmen,Louie Louie
Little Richard,Long Tall Sally
Procol Harum,A Whiter Shade Of Pale
Michael Jackson,Billie Jean
Bob Dylan,The Times They Are A-Changin'
Al Green,Let's Stay Together
Jerry Lee Lewis,Whole Lotta Shakin' Goin On
Bo Diddley,Bo Diddley
Buffalo Springfield,For What It's Worth
The Beatles,She Loves You
Cream,Sunshine Of Your Love
Bob Marley and The Wailers,Redemption Song
Elvis Presley,Jailhouse Rock
Bob Dylan,Tangled Up In Blue
Roy Orbison,Crying
Dionne Warwick,Walk On By
The Beach Boys,California Girls
James Brown,Papa's Got A Brand New Bag Part 1
Eddie Cochran,Summertime Blues
Stevie Wonder,Superstition
Led Zeppelin,Whole Lotta Love
The Beatles,Strawberry Fields Forever
Elvis Presley,Mystery Train
James Brown,I Got You (I Feel Good)
The Byrds,Mr. Tambourine Man
Marvin Gaye,I Heard It Through The Grapevine
Fats Domino,Blueberry Hill
The Kinks,You Really Got Me
The Beatles,Norwegian Wood (This Bird Has Flown)
The Police,Every Breath You Take
Patsy Cline,Crazy
Bruce Springsteen,Thunder Road
Johnny Cash,Ring Of Fire
The Temptations,My Girl
The Mamas and The Papas,California Dreamin'
The Five Satins,In The Still Of The Nite
Elvis Presley,Suspicious Minds
Ramones,Blitzkrieg Bop
U2,I Still Haven't Found What I'm Looking For
Little Richard,Good Golly Miss Molly
Carl Perkins,Blue Suede Shoes
Jerry Lee Lewis,Great Balls Of Fire
Chuck Berry,Roll Over Beethoven
Al Green,Love And Happiness
Creedence Clearwater Revival,Fortunate Son
The Rolling Stones,You Can't Always Get What You Want
Jimi Hendrix,Voodoo Child (Slight Return)
Gene Vincent,Be-Bop-A-Lula
Donna Summer,Hot Stuff
Stevie Wonder,Living For The City
Simon And Garfunkel,The Boxer
Bob Dylan,Mr. Tambourine Man
The Crickets,Not Fade Away
Prince,Little Red Corvette
Van Morrison,Brown Eyed Girl
Otis Redding,I've Been Loving You Too Long
Hank Williams,I'm So Lonesome I Could Cry
Elvis Presley,That's All Right
The Drifters,Up On The Roof
The Crystals,Da Doo Ron Ron
Sam Cooke,You Send Me
The Rolling Stones,Honky Tonk Women
Al Green,Take Me To The River
The Isley Brothers,Shout
Fleetwood Mac,Go Your Own Way
The Jackson 5,I Want You Back
Ben E. King,Stand By Me
The Animals,House Of The Rising Sun
James Brown,It's A Man's Man's Man's World
The Rolling Stones,Jumpin' Jack Flash
The Shirelles,Will You Love Me Tomorrow?
Big Joe Turner,"Shake, Rattle And Roll"
David Bowie,Changes
Chuck Berry,Rock And Roll Music
Steppenwolf,Born To Be Wild
Rod Stewart,Maggie May
U2,With Or Without You
Bo Diddley,Who Do You Love
The Who,Won't Get Fooled Again
Wilson Pickett,In The Midnight Hour
The Beatles,While My Guitar Gently Weeps
Elton John,Your Song
The Beatles,Eleanor Rigby
Sly and The Family Stone,Family Affair
The Beatles,I Saw Her Standing There
Led Zeppelin,Kashmir
The Everly Brothers,All I Have To Do Is Dream
James Brown,"Please, Please, Please"
Prince,Purple Rain
Ramones,I Wanna Be Sedated
Sly and The Family Stone,Everyday People
The B-52's,Rock Lobster
Iggy Pop,Lust For Life
Janis Joplin,Me And Bobby McGee
The Everly Brothers,Cathy's Clown
The Byrds,Eight Miles High
The Penguins,Earth Angel (Will You Be Mine)
Jimi Hendrix,Foxy Lady
The Beatles,A Hard Day's Night
Buddy Holly,Rave On
Creedence Clearwater Revival,Proud Mary
Simon And Garfunkel,The Sound Of Silence
The Flamingos,I Only Have Eyes For You
Bill Haley And His Comets,(We're Gonna) Rock Around The Clock
The Velvet Underground,I'm Waiting For The Man
Public Enemy,Bring The Noise
Ray Charles,I Can't Stop Loving You
cudna so, pota gospodova
Queen,Bohemian Rhapsody
Johnny Cash,Folsom Prison Blues
Tracy Chapman,Fast Car
Eminem,Lose Yourself
Marvin Gaye,Let's Get It On
The Temptations,Papa Was A Rollin' Stone
R.E.M.,Losing My Religion
Joni Mitchell,"Both Sides, Now"
ABBA,Dancing Queen
Aerosmith,Dream On
Sex Pistols,God Save The Queen
The Rolling Stones,"Paint It, Black"
The Bobby Fuller Four,I Fought The Law
The Beach Boys,Don't Worry Baby
Tom Petty,Free Fallin'
Big Star,September Gurls
Joy Division,Love Will Tear Us Apart
OutKast,Hey Ya!
Booker T. and The MG's,Green Onions
The Drifters,Save The Last Dance For Me
B.B. King,The Thrill Is Gone
The Beatles,Please Please Me
Bob Dylan,Desolation Row
Aretha Franklin,I Never Loved A Man (The Way I Love You)
AC/DC,Back In Black
Creedence Clearwater Revival,Who'll Stop The Rain
Bee Gees,Stayin' Alive
Bob Dylan,Knockin' On Heaven's Door
Lynyrd Skynyrd,Free Bird
Glen Campbell,Wichita Lineman
The Drifters,There Goes My Baby
Buddy Holly,Peggy Sue
The Chantels,Maybe
Guns N' Roses,Sweet Child O' Mine
Elvis Presley,Don't Be Cruel
The Jimi Hendrix Experience,Hey Joe
Parliament,Flash Light
Beck,Loser
New Order,Bizarre Love Triangle
The Beatles,Come Together
Bob Dylan,Positively 4th Street
Otis Redding,Try A Little Tenderness
Bill Withers,Lean On Me
Four Tops,Reach Out I'll Be There
The Everly Brothers,Bye Bye Love
Them,Gloria
The Beach Boys,In My Room
Question Mark And The Mysterians,96 Tears
The Beach Boys,"Caroline, No"
Prince,1999
Hank Williams,Your Cheatin' Heart
Neil Young,Rockin' In The Free World
The Chords,Sh-Boom
The Lovin' Spoonful,Do You Believe In Magic
Dolly Parton,Jolene
John Lee Hooker,Boom Boom
Howlin' Wolf,Spoonful
cudna so, pota gospodova
Lou Reed,Walk On The Wild Side
Roy Orbison,"Oh, Pretty Woman"
Sly and The Family Stone,Dance To The Music
Chic,Good Times
Muddy Waters,Hoochie Coochie Man
Van Morrison,Moondance
James Taylor,Fire And Rain
The Clash,Should I Stay Or Should I Go
Muddy Waters,Mannish Boy
Bob Dylan,Just Like A Woman
Marvin Gaye,Sexual Healing
Roy Orbison,Only The Lonely (Know The Way I Feel)
The Animals,We Gotta Get Out Of This Place
The Byrds,I'll Feel A Whole Lot Better
Ray Charles,I Got A Woman
Buddy Holly,Everyday
Afrika Bambaataa,Planet Rock
Patsy Cline,I Fall To Pieces
Dion,The Wanderer
Dusty Springfield,Son Of A Preacher Man
Sly and The Family Stone,Stand!
Elton John,"Rocket Man (I Think It's Going To Be A Long, Long Time)"
The B-52's,Love Shack
The Spencer Davis Group,Gimme Some Lovin'
The Band,The Night They Drove Old Dixie Down
Jackie Wilson,(Your Love Keeps Lifting Me) Higher And Higher
Sly and The Family Stone,Hot Fun In The Summertime
The Sugarhill Gang,Rapper's Delight
Aretha Franklin,Chain Of Fools
Black Sabbath,Paranoid
Bobby Darin,Mack The Knife
The Drifters,Money Honey
Mott The Hoople,All The Young Dudes
AC/DC,Highway To Hell
Blondie,Heart Of Glass
Radiohead,Paranoid Android
The Troggs,Wild Thing
The Who,I Can See For Miles
Jeff Buckley,Hallelujah
The Dells,"Oh, What A Night"
Stevie Wonder,Higher Ground
Smokey Robinson and The Miracles,Ooo Baby Baby
The Crystals,He's A Rebel
Randy Newman,Sail Away
Archie Bell and The Drells,"Tighten Up, Pt. 1"
The Ronettes,Walking In The Rain
New York Dolls,Personality Crisis
U2,Sunday Bloody Sunday
The Modern Lovers,Roadrunner
George Jones,He Stopped Loving Her Today
The Beach Boys,Sloop John B
Chuck Berry,Sweet Little Sixteen
The Beatles,Something
Jefferson Airplane,Somebody To Love
Bruce Springsteen,Born In The U.S.A.
The Staple Singers,I'll Take You There
David Bowie,Ziggy Stardust
The Cure,Pictures Of You
The Dixie Cups,Chapel Of Love
Bill Withers,Ain't No Sunshine
Stevie Wonder,You Are The Sunshine Of My Life
Joni Mitchell,Help Me
Blondie,Call Me
Elvis Costello and The Attractions,"(What's So Funny 'Bout) Peace, Love And Understanding"
Howlin' Wolf,Smokestack Lightning
Pavement,Summer Babe
Run-D.M.C.,Walk This Way
Barrett Strong,Money (That's What I Want)
The Beatles,Can't Buy Me Love
Eminem,"Stan"">Stan</a></b> by <a href=""/wiki/Eminem"" title=""Eminem"
The Zombies,She's Not There
The Clash,Train In Vain
Al Green,Tired Of Being Alone
Led Zeppelin,Black Dog
The Rolling Stones,Street Fighting Man
Bob Marley and The Wailers,"Get Up, Stand Up"
Neil Young,Heart Of Gold
Blondie,One Way Or Another
Prince,Sign 'O' The Times
Madonna,Like A Prayer
Rod Stewart,Da Ya Think I'm Sexy?
Willie Nelson,Blue Eyes Crying In The Rain
The Rolling Stones,Ruby Tuesday
The Beatles,With A Little Help From My Friends
James Brown,"Say It Loud (I'm Black And I'm Proud), Pt.1"
The Jam,That's Entertainment
Frankie Lymon and The Teenagers,Why Do Fools Fall In Love
Jackie Wilson,Lonely Teardrops
Tina Turner,What's Love Got To Do With It
Black Sabbath,Iron Man
The Everly Brothers,Wake Up Little Susie
Roy Orbison,In Dreams
Screamin' Jay Hawkins,I Put A Spell On You
Pink Floyd,Comfortably Numb
The Animals,Don't Let Me Be Misunderstood
Pink Floyd,Wish You Were Here
Jimmy Cliff,Many Rivers To Cross
Elvis Costello,Alison
Alice Cooper,School's Out
Led Zeppelin,Heartbreaker
Neil Young and Crazy Horse,Cortez The Killer
Public Enemy,Fight The Power
Patti Smith,Dancing Barefoot
The Supremes,Baby Love
The Rascals,Good Lovin'
James Brown,Get Up (I Feel Like Being A) Sex Machine
Jerry Butler,For Your Precious Love
The Doors,The End
"Earth, Wind and Fire",That's The Way Of The World
Queen,We Will Rock You
Bonnie Raitt,I Can't Make You Love Me
Bob Dylan,Subterranean Homesick Blues
Norman Greenbaum,Spirit In The Sky
The Rolling Stones,Wild Horses
The Velvet Underground,Sweet Jane
Aerosmith,Walk This Way
Michael Jackson,Beat It
Paul McCartney,Maybe I'm Amazed
The Supremes,You Keep Me Hangin' On
The Who,Baba O'Riley
Jimmy Cliff,The Harder They Come
Dion,Runaround Sue
LaVern Baker,Jim Dandy
Big Brother And The Holding Company,Piece Of My Heart
Ritchie Valens,La Bamba
2Pac,California Love
Elton John,Candle In The Wind
The Isley Brothers,Who's That Lady
Ben E. King,Spanish Harlem
Little Eva,The Loco-Motion
The Platters,The Great Pretender
Elvis Presley,All Shook Up
Eric Clapton,Tears In Heaven
Elvis Costello,Watching The Detectives
Creedence Clearwater Revival,Bad Moon Rising
Eurythmics,Sweet Dreams (Are Made Of This)
Jimi Hendrix,Little Wing
Martha And The Vandellas,Nowhere To Run
Muddy Waters,I've Got My Mojo Working
Roberta Flack,Killing Me Softly With His Song
The Clash,Complete Control
The Beatles,All You Need Is Love
The Box Tops,The Letter
Bob Dylan,Highway 61 Revisited
The Righteous Brothers,Unchained Melody
Bee Gees,How Deep Is Your Love
Cream,White Room
Depeche Mode,Personal Jesus
Bo Diddley,I'm A Man
The Jimi Hendrix Experience,The Wind Cries Mary
The Who,I Can't Explain
Television,Marquee Moon
Sam Cooke,Wonderful World
Chuck Berry,Brown Eyed Handsome Man
Pink Floyd,Another Brick In The Wall Part 2
Radiohead,Fake Plastic Trees
Ray Charles,Hit The Road Jack
U2,Pride (In The Name Of Love)
R.E.M.,Radio Free Europe
Elton John,Goodbye Yellow Brick Road
Aaron Neville,Tell It Like It Is
The Verve,Bitter Sweet Symphony
The Allman Brothers Band,Whipping Post
The Beatles,Ticket To Ride
"Crosby, Stills, Nash and Young",Ohio
Eric B. and Rakim,I Know You Got Soul
Elton John,Tiny Dancer
The Police,Roxanne
The Temptations,Just My Imagination (Running Away With Me)
Four Tops,Baby I Need Your Loving
Freda Payne,Band Of Gold
Five Stairsteps,O-o-h Child
The Lovin' Spoonful,Summer In The City
Elvis Presley,Can't Help Falling In Love
The Shangri-Las,Remember (Walking In The Sand)
Big Star,Thirteen
cudna so, pota gospodova
Lynyrd Skynyrd,Sweet Home Alabama
Metallica,Enter Sandman
Paul Revere And The Raiders,Kicks
The Shirelles,Tonight's The Night
Sly and The Family Stone,Thank You (Falettinme Be Mice Elf Agin)
Eddie Cochran,C'mon Everybody
Bob Dylan,Visions Of Johanna
Carpenters,We've Only Just Begun
R. Kelly,I Believe I Can Fly
Nirvana,In Bloom
Aerosmith,Sweet Emotion
Cream,Crossroads
Pixies,Monkey Gone To Heaven
Donna Summer,I Feel Love
Bobbie Gentry,Ode To Billie Joe
Little Richard,The Girl Can't Help It
The Coasters,Young Blood
Four Tops,"I Can't Help Myself (Sugar Pie, Honey Bunch)"
Don Henley,The Boys Of Summer
N.W.A,Fuck Tha Police
"Crosby, Stills and Nash:Suite", Judy Blue Eyes
Dr. Dre,Nuthin' But A 'G' Thang
The Isley Brothers,It's Your Thing
Billy Joel,Piano Man
The Kinks,Lola
Elvis Presley,Blue Suede Shoes
The Rolling Stones,Tumbling Dice
The Smiths,"William, It Was Really Nothing"
Deep Purple,Smoke On The Water
U2,New Year's Day
Mitch Ryder,Devil With A Blue Dress On/Good Golly Miss Molly
Solomon Burke,Everybody Needs Somebody To Love
The Clash,(White Man) In Hammersmith Palais
Fats Domino,Ain't It A Shame
Gladys Knight and The Pips,Midnight Train To Georgia
Led Zeppelin,Ramble On
Wilson Pickett,Mustang Sally
The Rolling Stones,Beast Of Burden
Love,Alone Again Or
Elvis Presley,Love Me Tender
The Stooges,I Wanna Be Your Dog
John Mellencamp,Pink Houses
Salt-N-Pepa,Push It
The Del-Vikings,Come Go With Me
Little Richard,Keep A Knockin'
Bob Marley and The Wailers,I Shot The Sheriff
Sonny and Cher,I Got You Babe
Nirvana,Come As You Are
Toots and The Maytals,Pressure Drop
The Shangri-Las,Leader Of The Pack
The Velvet Underground,Heroin
The Beatles,Penny Lane
Glen Campbell,By The Time I Get To Phoenix
Chubby Checker,The Twist
Sam Cooke,Cupid
Guns N' Roses,Paradise City
George Harrison,My Sweet Lord
Nirvana,All Apologies
Lloyd Price,Stagger Lee
Ramones,Sheena Is A Punk Rocker
Sam and Dave,Soul Man
Muddy Waters,Rollin' Stone
The Chiffons,One Fine Day
Prince,Kiss
The Staple Singers,Respect Yourself
The Beatles,Rain
Four Tops,Standing In The Shadows Of Love
Cheap Trick,Surrender
Del Shannon,Runaway
Guns N' Roses,Welcome To The Jungle
Iggy and The Stooges,Search And Destroy
Carole King,It's Too Late
Joni Mitchell,Free Man In Paris
Willie Nelson,On The Road Again
The Supremes,Where Did Our Love Go
Aretha Franklin,"Do Right Woman, Do Right Man"
Funkadelic,One Nation Under A Groove
Beastie Boys,Sabotage
Foreigner,I Want To Know What Love Is
Rick James,Super Freak
Jefferson Airplane,White Rabbit
Labelle,Lady Marmalade
Van Morrison,Into The Mystic
David Bowie,Young Americans
Alice Cooper,I'm Eighteen
The Cure,Just Like Heaven
Joan Jett And The Blackhearts,I Love Rock 'N Roll
Paul Simon,Graceland
The Smiths,How Soon Is Now?
The Drifters,Under The Boardwalk
Fleetwood Mac,Rhiannon
Gloria Gaynor,I Will Survive
The Rolling Stones,Brown Sugar
Dusty Springfield,You Don't Have To Say You Love Me
Jackson Browne,Running On Empty
The Crystals,Then He Kissed Me
Eagles,Desperado
The Miracles,Shop Around
The Rolling Stones,Miss You
Weezer,Buddy Holly
Brook Benton,Rainy Night In Georgia
Thin Lizzy,The Boys Are Back In Town
Boston,More Than A Feeling
